{
    "calibration_time": "2024-09-15_15-45-03",
    "version": "v0",
    "cameras": [
        {
            "name": "left",
            "type": "fisheye",
            "width": 3040,
            "height": 4032,
            "intrinsic": {
                "fl_x": 1191.001283695383,
                "fl_y": 1190.7197886216488,
                "cx": 1586.33362494521,
                "cy": 2008.4008488390216
            },
            "distortion": {
                "camera_model": "OPENCV_FISHEYE",
                "params": {
                    "k1": -0.008425658401919658,
                    "k2": -0.005034223864537809,
                    "k3": 0.0013707946548029719,
                    "k4": -0.000628434925506666
                }
            },
            "transform_from_lidar": {
                "rotation": [
                    [
                        0.8451609353310254,
                        -0.44836096341783105,
                        0.29099044636108157
                    ],
                    [
                        0.32826771354616413,
                        0.005752089988608877,
                        -0.9445672139683535
                    ],
                    [
                        0.421833262834453,
                        0.893834078531244,
                        0.1520438700594076
                    ]
                ],
                "position": [
                    0.036739336584608394,
                    -0.06527925769064588,
                    -0.03249374217555556
                ]
            }
        },
        {
            "name": "right",
            "type": "fisheye",
            "width": 3040,
            "height": 4032,
            "intrinsic": {
                "fl_x": 1195.6411207036558,
                "fl_y": 1195.7623013256919,
                "cx": 1519.9210746708159,
                "cy": 1981.2143228572074
            },
            "distortion": {
                "camera_model": "OPENCV_FISHEYE",
                "params": {
                    "k1": -0.013026131749525367,
                    "k2": 0.00034370488700828086,
                    "k3": -0.0016716784239377352,
                    "k4": -2.8583267622982644e-05
                }
            },
            "transform_from_lidar": {
                "rotation": [
                    [
                        -0.8516392181479739,
                        -0.4288172533144571,
                        -0.30137419493405904
                    ],
                    [
                        0.3359142393386171,
                        -0.005176822953051524,
                        -0.9418783489993126
                    ],
                    [
                        0.4023335257244488,
                        -0.9033764241798417,
                        0.14845460691462822
                    ]
                ],
                "position": [
                    -0.014705422230000905,
                    -0.0641518104983016,
                    -0.029504173690426516
                ]
            }
        }
    ]
}